from;to
13.194991786764279,52.54249812367928;13.451220102159132,52.517424883371724
13.446836296034125,52.57930598386386;13.451220102159132,52.517424883371724
13.544544936515237,52.441656227865664;13.451220102159132,52.517424883371724